INSERT INTO users (display_name, username, pswd)
VALUES 
('admin', 'admin', '$2b$10$wv.Cf0OkgKyJt7WoB78e2u8G9gp26alC8W4Bjp/JW00LGSaawzD4m'), -- Password: 'admin'
('user', 'user', '$2b$10$HLrzo/pGcNw37YuCK.o/jeedDExgtBovPHl01IoHaD9/tdsOw4aL6'); -- Password: 'password'

INSERT INTO owners (owner_id) VALUES 
(1);

INSERT INTO restaurants (restaurant_id, name, image_url, owner_id) VALUES
(1, 'Twisted Pine Brewing', 'https://images.squarespace-cdn.com/content/v1/568bfc1cc647ad1e51802932/1452803674506-ITCZKSAPV97IHX12HUGY/Twisted+Pine+Logo?format=1000w', 1),
(2, 'Foolish Craigs', 'https://static.spotapps.co/web/foolishcraigs--com/custom/about_us_right.jpg', 1),
(3, 'Backcountry Pizza and Tap House', 'https://fastly.4sqi.net/img/general/200x200/39969208_6sKQr8Ujz6_5sSJsKF9JSJDfNMshsvr1ruy2pZ4XbNU.jpg', 1),
(4, 'Liquid Mechanics Brewing Co', 'https://images.squarespace-cdn.com/content/v1/536c3c6de4b0627babc2f819/1408311837918-4OPSTUJCKTSCR48N77C1/music+grand+opening.jpg?format=1500w', 1),
(5, 'Upslope Brewing', 'https://www.uncovercolorado.com/wp-content/uploads/2016/09/Upslope-Brewing-Company-Boulder-1024x512.jpg', 1),
(6, 'License No. 1', 'https://images.squarespace-cdn.com/content/v1/6091b19ba5da29701edc5ada/9963aa6c-8120-4c70-a996-a2cac0b15868/LNO_Space+37_Tim+RomanoEdit.jpg', 1),
(7, 'Mountain Sun Pub and Brewery', 'https://images.getbento.com/accounts/8717715d71a330b4c7747d83e7a8b809/media/images/88450logo2.png', 1),
(8, 'Postino Boulder', 'https://www.postinowinecafe.com/wp-content/uploads/2022/07/JTP_1492-scaled.jpg', 1),
(9, 'Gemini', 'https://th.bing.com/th/id/OIP.W0GrfOMS4bnpiLDVWrRrRQHaE7?w=225&h=180&c=7&r=0&o=5&dpr=1.3&pid=1.7', 1),
(10, 'Pizzeria Alberico', 'https://th.bing.com/th/id/OIP.jEo1rSBq5qNMn0RKkoUNewHaDc?w=293&h=162&c=7&r=0&o=5&dpr=1.3&pid=1.7', 1),
(11, 'Illegal Petes', 'https://www.illegalpetes.com/_next/image?url=https%3A%2F%2Fimages.ctfassets.net%2Fus85d44kmlcd%2F6tAjV8rTChn8NVwbL8SeFY%2Fa368a0bfb8970b425c932ca0527725ee%2FaIrzc7eFTTidOtfZ2YuQ_IMG_2083.jpeg&w=1920&q=75', 1),
(12, 'Sushi Zanmai', 'https://th.bing.com/th/id/OIP.qC3srQrDgo0QlAloxR6A1AHaFj?pid=ImgDet&rs=1', 1),
(13, 'Mateo', 'https://usmenuguide.com/wp-content/uploads/2019/07/mateoboulder1.jpg', 1),
(14, 'ND Street Bar', 'https://th.bing.com/th/id/OIP.Pq90jImAX_YCoBxTAq_IpQHaE7?w=259&h=180&c=7&r=0&o=5&dpr=1.3&pid=1.7', 1),
(15, 'Gaku Ramen', 'http://gakuramen.com/wp-content/uploads/2022/08/PXL_20220814_155829904.MP_.jpg', 1),
(16, 'Rio Grande Mexican Restaurant', 'https://th.bing.com/th/id/R.15cce5786305048b07d062039a03d8cf?rik=XdxmNpK%2fJXvfYg&riu=http%3a%2f%2fimg2.10bestmedia.com%2fImages%2fPhotos%2f212305%2frio2_54_990x660_201406010006.jpg&ehk=O6ZLB6TX1gsPx9I9FCFnT4ckMZaQKtE3bF%2bIOZIf41Q%3d&risl=&pid=ImgRaw&r=0', 1),
(17, 'Spruce Farm & Fish', 'https://th.bing.com/th/id/OIP.triYA68v4s5VsSLshp23xAHaE8?w=269&h=180&c=7&r=0&o=5&dpr=1.3&pid=1.7', 1),
(18, 'T/ACO', 'https://static.spotapps.co/spots/a8/1c86141cb64278955362209a888e94/medium', 1),
(19, 'Japango', 'https://th.bing.com/th/id/OIP.KJcsVx7tZpfFTK15CtBZggHaHa?w=198&h=198&c=7&r=0&o=5&dpr=1.3&pid=1.7', 1),
(20, 'Hapa Sushi Grill and Sake Bar', 'https://th.bing.com/th/id/OIP.ku2oa_woOpu6Nk9GQI5YegHaE7?w=303&h=202&c=7&r=0&o=5&dpr=1.3&pid=1.7', 1),
(21, 'The Attic Bar and Bistro', 'https://th.bing.com/th/id/R.8eff620e380a5299a3a2e96c6da07257?rik=5NSEAUxFR9rihA&pid=ImgRaw&r=0', 1),
(22, 'Jax Fish House', 'https://th.bing.com/th/id/OIP.IR_vFMTxhL6uza_UV7LDRAHaFc?w=268&h=197&c=7&r=0&o=5&dpr=1.3&pid=1.7', 1),
(23, 'The Post Chicken & Beer', 'https://th.bing.com/th/id/OIP.3sJbXwZ5fstCoYFqN_oHMQHaE8?pid=ImgDet&rs=1', 1),
(24, 'Sforno Trattoria Romana', 'https://th.bing.com/th/id/OIP.CbQspUkG7DITKaTGpgMmdAHaFM?w=252&h=180&c=7&r=0&o=5&dpr=1.3&pid=1.7', 1),
(25, 'Jungle Tiki Bar', 'https://images.squarespace-cdn.com/content/v1/5d1c28103f8e880001294f05/a2716916-7c14-468f-bae7-7407508bf852/IMG_0933+%281%29.jpg?format=1000w', 1),
(26, 'The Corner Bar', 'https://th.bing.com/th/id/OIP.yH1skFN4Woqm0tmX1se6DwHaE8?w=297&h=198&c=7&r=0&o=5&dpr=1.3&pid=1.7', 1),
(27, 'The Bitter Bar', 'https://th.bing.com/th/id/OIP.YZ12Eo3_xFD9R-nT94dcQQHaFj?w=254&h=190&c=7&r=0&o=5&dpr=1.3&pid=1.7', 1),
(28, 'Centro Mexican Kitchen', 'https://th.bing.com/th/id/OIP.9pzwIU5S5hcY0iED0o2ZhAHaE8?w=257&h=180&c=7&r=0&o=5&dpr=1.3&pid=1.7', 1),
(29, 'Jills Restaurant at the St. Julien Hotel and Spa', 'https://stjulien.com/wp-content/uploads/2022/08/jills-restaurant.jpg', 1),
(30, 'My Neighbor Felix', 'https://img.ctykit.com/cdn/co-boulder/images/tr:w-1800/my-neighbor-felix-2022.jpg', 1),
(31, 'Blofish', 'https://th.bing.com/th/id/OIP.hcCQ6IftAdAnC-jvDvAPlwHaE8?w=306&h=204&c=7&r=0&o=5&dpr=1.3&pid=1.7', 1),
(32, 'Avanti', 'https://boulder.avantifandb.com/wp-content/uploads/sites/2/2021/09/013_AvantiBoulder_Aerials_2021_72DPI-scaled.jpg', 1),
(33, 'R Gallery and Wine Bar', 'https://cdn.shopify.com/s/files/1/0024/0291/0254/files/IMG_20230311_130634_1.jpg?v=1678565457', 1),
(34, 'Rosetta Hall', 'https://rosettahall.com/wp-content/uploads/2021/08/Hall-Wide-16x9-jpg.jpg', 1),
(35, 'The Kitchen', 'https://images.getbento.com/accounts/b9ac9c2a03aa88821e13be3ead0f2d60/media/images/82589489A6387-2.jpg?w=1200&fit=crop&auto=compress,format&crop=focalpoint&fp-x=0.5&fp-y=0.5', 1),
(36, 'Chicken on the Hill', 'https://img.ctykit.com/cdn/co-hill-boulder/images/tr:w-1800/chicken-on-the-hill-ext.jpg', 1),
(37, 'Half Fast Subs', 'https://media-cdn.tripadvisor.com/media/photo-p/15/14/f2/6a/photo2jpg.jpg', 1),
(38, 'Tuneup Tavern', 'https://static.spotapps.co/spots/06/731ae49fb547e6a84e2870c140520c/wide_medium', 1),
(39, 'Outback Saloon', 'https://media-cdn.tripadvisor.com/media/photo-s/10/44/31/94/dining-tables-and-pool.jpg', 1),
(40, 'Boulder Social', 'https://images.squarespace-cdn.com/content/v1/623335a3093b0c241d18f00a/810d64b3-af17-4e2f-8b22-b3d5a3070296/_DSC8414.jpg?format=750w', 1),
(41, 'Dark Horse', 'https://media1.westword.com/den/imager/u/golden-m/15492527/darkhorse_11.jpg?cb=1668719063', 1),
(42, 'Sanitas Brewing', 'https://dynamic-media-cdn.tripadvisor.com/media/photo-o/0c/00/5a/08/bocce-ball-corn-hole.jpg?w=1200&h=-1&s=1', 1),
(43, 'Bohemian Biergarten', 'https://assets.simpleviewinc.com/simpleview/image/fetch/c_fill,h_357,q_80,w_539/https://assets.simpleviewinc.com/simpleview/image/upload/crm/boulder/Bohemian-Biergarten_a14b403e-5056-a36a-0767125bc6c06713.jpg', 1),
(44, 'Asher Brewing', 'https://images.squarespace-cdn.com/content/v1/5db353a1f6f77b7cb1322122/1573695394916-VJIK3PYIA2DRV2SI169Q/home-taproom.jpg?format=750w', 1);

INSERT INTO ratings (restaurant_id, user_id, last_updated, uploaded, rating_number, review) VALUES 
(1, 1, '2022-12-01 15:30:00', '2022-12-01 15:32:00', 4.5, 'Great brewery with a cozy atmosphere and delicious beer. Highly recommend the Hop Zealot IPA!'),
(1, 1, '2022-11-28 18:20:00', '2022-11-28 18:23:00', 3.5, 'The beer was good, but the service was a bit slow. The food options were limited.'),
(1, 1, '2022-11-25 12:10:00', '2022-11-25 12:13:00', 4.0, 'Fantastic spot for a drink with friends. The patio is a great spot to enjoy a cold beer on a sunny day.'),
(2, 1, '2022-11-30 19:15:00', '2022-11-30 19:20:00', 4.5, 'The food was amazing! We loved the spicy chicken sandwich and the truffle fries. Great service too.'),
(2, 1, '2022-11-27 13:45:00', '2022-11-27 13:50:00', 3.0, 'Decent food, but the prices were a bit high for what you get. Service was okay.'),
(2, 1, '2022-11-24 17:30:00', '2022-11-24 17:35:00', 4.0, 'The outdoor seating area is lovely, and the food was quite tasty. Try the smoked salmon flatbread!'),
(3, 1, '2022-11-29 20:00:00', '2022-11-29 20:05:00', 4.5, 'Great selection of beers and pizza! We loved the pesto chicken pizza and the mushroom and truffle oil pizza. Will definitely be back!'),
(3, 1, '2022-11-26 14:30:00', '2022-11-26 14:35:00', 3.0, 'The service was slow and the pizza was just okay. Nothing to write home about.'),
(3, 1, '2022-11-23 19:45:00', '2022-11-23 19:50:00', 4.0, 'The pizza was tasty and the atmosphere was cozy. Good spot for a casual dinner with friends.'),
(4, 1, '2022-11-28 21:00:00', '2022-11-28 21:05:00', 4.5, 'Fantastic brewery with a great selection of beer. We loved the Peachy Peach sour and the Jalapeno Cream Ale. Service was friendly and knowledgeable.'),
(4, 1, '2022-11-25 16:30:00', '2022-11-25 16:35:00', 3.0, 'The beer was decent but nothing special. The food options were limited and a bit overpriced.'),
(5, 1, '2022-10-12 16:25:00', '2022-10-12 16:25:00', 4.5, 'Great beer selection and atmosphere! The staff is knowledgeable and friendly.'),
(5, 1, '2022-11-03 11:42:00', '2022-11-03 11:42:00', 3.0, 'The beer was okay, but the food was disappointing. The fries were cold and the burger was dry.'),
(6, 1, '2022-09-15 19:13:00', '2022-09-15 19:13:00', 4.0, 'License No. 1 has a great speakeasy atmosphere and the cocktails are top notch!'),
(6, 1, '2022-10-29 21:07:00', '2022-10-29 21:07:00', 5.0, 'Absolutely loved this place! The drinks were amazing and the staff was super friendly.'),
(7, 1, '2022-11-20 14:53:00', '2022-11-20 14:53:00', 4.5, 'Great beer and pub food! The atmosphere is cozy and the staff is friendly.'),
(7, 1, '2022-11-21 18:11:00', '2022-11-21 18:11:00', 3.5, 'The beer was good, but the food was just okay. The service was slow and we had to wait a long time for our food.'),
(8, 1, '2022-10-08 12:44:00', '2022-10-08 12:44:00', 5.0, 'Postino has a great wine selection and the bruschetta is amazing! The atmosphere is cozy and romantic.'),
(8, 1, '2022-11-17 19:38:00', '2022-11-17 19:38:00', 4.0, 'The wine was great, but the food was just okay. The service was good though.'),
(9, 1, '2022-09-01 15:24:00', '2022-09-01 15:24:00', 3.5, 'The sushi was decent, but nothing special. The service was good though.'),
(9, 1, '2022-10-18 20:12:00', '2022-10-18 20:12:00', 4.0, 'Great sushi and sake selection! The service is friendly and attentive.'),
(10, 1, '2022-11-10 17:59:00', '2022-11-10 17:59:00', 4.5, 'The pizza here is amazing! The crust is crispy and the toppings are fresh. The atmosphere is cozy and romantic.'),
(10, 1, '2022-11-22 14:07:00', '2022-11-22 14:07:00', 3.0, 'The pizza was okay, but nothing special. The service was good though.'),
(11, 1, '2022-05-01 14:07:00', '2022-05-01 14:07:00', 4.5, 'Great spot for a quick bite. The burritos are huge and always delicious. The staff is friendly and quick. The queso is a must-have!'),
(11, 1, '2022-04-25 15:24:00', '2022-04-26 15:24:00', 3.5, 'Good food, but the prices are a bit high for what you get. The portions are big though, so you definitely wont leave hungry. The staff is friendly and accommodating.'),
(11, 1, '2022-03-15 19:38:00', '2022-03-16 19:38:00', 5.0, 'Love this place! The burritos are amazing and the staff is always so friendly. The queso is a must-try!'),
(12, 1, '2022-04-02 14:53:00', '2022-04-03 14:53:00', 4.0, 'Great sushi spot! The fish is always fresh and the rolls are inventive. The staff is knowledgeable about the menu and happy to make recommendations.'),
(12, 1, '2022-03-21 19:38:00', '2022-03-22 19:38:00', 3.0, 'Decent sushi, but nothing exceptional. The prices are a bit high for what you get. The service is fine, but not particularly friendly.'),
(13, 1, '2022-04-14 15:30:00', '2022-04-15 15:30:00', 4.5, 'Fantastic Italian food in a cozy atmosphere. The pasta dishes are particularly delicious. The service is top-notch and very attentive.'),
(13, 1, '2022-03-10 15:35:00', '2022-03-11 15:35:00', 5.0, 'Incredible food and service! The gnocchi is amazing and the desserts are out of this world. The staff is knowledgeable about the menu and very accommodating.'),
(14, 1, '2022-03-28 17:30:00', '2022-03-29 17:30:00', 3.0, 'A decent dive bar with good drink specials. The food is just okay, but it gets the job done. The staff is friendly and the atmosphere is lively.'),
(14, 1, '2022-02-17 20:00:00', '2022-02-18 20:00:00', 2.5, 'Not a great spot for food, but the drinks are cheap and the staff is friendly. The atmosphere is fun and laid-back.'),
(15, 1, '2022-03-01 20:15:00', '2022-03-02 20:15:00', 4.0, 'Delicious ramen in a cozy atmosphere. The broth is flavorful and the noodles are perfectly cooked. The staff is friendly and accommodating.'),
(15, 1, '2022-02-23 19:45:12', '2022-02-24 19:45:12', 4.5, 'Amazing ramen spot! The tonkotsu ramen is a must-try. The staff is knowledgeable about the menu and very friendly.'),
(16, 1, '2022-02-10 16:32:45', '2022-02-11 16:32:45', 4.5, 'Great Mexican food in a fun atmosphere. The margaritas are amazing and the chips and salsa are delicious. The staff is friendly and accommodating.'),
(17, 1, '2022-01-01 09:15:22', '2022-01-02 09:15:22', 4.5, 'I had a wonderful experience dining at Spruce Farm & Fish. The food was exceptional and the service was impeccable.'),
(17, 1, '2022-02-01 08:30:50', '2022-02-02 08:30:50', 4.0, 'Spruce Farm & Fish has an amazing atmosphere and the food is top-notch. I would definitely recommend it!'),
(17, 1, '2022-03-01 14:00:00', '2022-03-02 14:00:00', 3.5, 'I had high expectations for Spruce Farm & Fish, but unfortunately the food was just okay. The service was great though.'),
(18, 1, '2022-04-01 16:32:45', '2022-04-02 16:32:45', 4.5, 'T/ACO has some of the best tacos I have ever had! The margaritas were also excellent. I will definitely be back.'),
(18, 1, '2022-05-01 14:15:00', '2022-05-02 14:15:00', 4.0, 'I had a great time at T/ACO. The food was tasty and the service was friendly. Highly recommended!'),
(18, 1, '2022-06-01 13:30:00', '2022-06-02 13:30:00', 3.5, 'T/ACO was just okay. The food was average and the service was slow.'),
(19, 1, '2022-07-01 18:15:00', '2022-07-02 18:15:00', 4.5, 'Japango has some of the best sushi I have ever had! The service was great and the atmosphere was cozy.'),
(19, 1, '2022-08-01 13:30:00', '2022-08-02 13:30:00', 4.0, 'I had a great experience at Japango. The sushi was fresh and delicious, and the staff was very friendly.'),
(19, 1, '2022-09-01 15:23:10', '2022-09-02 15:23:10', 3.5, 'Japango was decent. The sushi was good, but nothing stood out. The service was a little slow.'),
(20, 1, '2022-10-01 13:15:00', '2022-10-02 13:15:00', 4.5, 'Hapa Sushi Grill and Sake Bar has a great selection of sushi and sake. The atmosphere is modern and fun.'),
(20, 1, '2022-11-01 12:05:21', '2022-11-02 12:05:21', 4.0, 'I enjoyed my meal at Hapa Sushi Grill and Sake Bar. The sushi was fresh and the sake was delicious.'),
(20, 1, '2022-12-01 16:45:32', '2022-12-02 16:45:32', 3.5, 'Hapa Sushi Grill and Sake Bar was okay. The sushi was decent but nothing special, and the sake was average.'),
(21, 1, '2023-01-01 08:15:00', '2023-01-02 08:15:00', 4.5, 'The Attic Bar and Bistro has a great atmosphere and the food was delicious! The service was top-notch.'),
(21, 1, '2023-02-01 09:10:00', '2023-02-02 09:10:00', 4.0, 'I had a great time at The Attic Bar and Bistro. The food was tasty and the drinks were well-made.'),
(22, 1, '2023-04-25 15:30:00', '2023-04-25 15:35:00', 4.5, 'Amazing seafood and cocktails! The atmosphere is great and the staff is friendly and knowledgeable.'),
(22, 1, '2023-04-23 12:00:00', '2023-04-23 12:15:00', 3.5, 'The food was decent, but nothing to write home about. The drinks were good though, and the service was fine.'),
(22, 1, '2023-04-20 18:45:00', '2023-04-20 19:00:00', 5.0, 'Absolutely fantastic! Everything we ordered was delicious and fresh. The oysters were particularly amazing. The service was top notch too.'),
(23, 1, '2023-04-19 17:30:00', '2023-04-19 17:45:00', 4.0, 'Great fried chicken and sides! The beer selection is decent too. The service can be a bit slow when they get busy, but its worth the wait.'),
(23, 1, '2023-04-17 20:00:00', '2023-04-17 20:15:00', 3.5, 'The food was good, but nothing special. The chicken was a bit dry, but the sides were tasty. The service was fine.'),
(23, 1, '2023-04-15 13:15:00', '2023-04-15 13:30:00', 4.5, 'Delicious fried chicken and great beer selection. The sides are also really good. The service is friendly and attentive.'),
(24, 1, '2023-04-14 18:00:00', '2023-04-14 18:15:00', 5.0, 'Incredible Italian food! Everything we ordered was delicious and authentic. The service was also fantastic.'),
(24, 1, '2023-04-12 19:30:00', '2023-04-12 19:45:00', 4.0, 'Really good Italian food with a great atmosphere. The service can be a bit slow, but its worth it for the food.'),
(24, 1, '2023-04-10 14:00:00', '2023-04-10 14:15:00', 4.5, 'Great pasta and pizza! The wine selection is also good. The service is friendly and knowledgeable.'),
(25, 1, '2022-03-14 15:23:10', '2022-03-15 11:05:32', 4.5, 'The Jungle Tiki Bar is an amazing experience! I loved the jungle atmosphere and the drinks are top-notch. The bartenders were very friendly and the service was excellent.'),
(25, 1, '2022-02-23 19:45:12', '2022-02-24 08:30:50', 3.5, 'The Jungle Tiki Bar is a cool place, but the drinks were a bit too sweet for my taste. The bartenders were nice and attentive.'),
(25, 1, '2022-02-11 16:32:45', '2022-02-12 09:15:22', 5, 'The Jungle Tiki Bar is my new favorite spot in town! The atmosphere is amazing, the drinks are fantastic, and the staff is friendly and welcoming. I will definitely be back!'),
(26, 1, '2022-03-01 18:20:34', '2022-03-02 09:45:12', 4, 'The Corner Bar is a great place to hang out with friends! The drinks are good and the staff is friendly. The atmosphere is cozy and laid-back.'),
(26, 1, '2022-02-16 14:30:21', '2022-02-17 08:15:32', 3.5, 'The Corner Bar is a decent spot, but it can get a bit crowded on weekends. The drinks are okay, and the staff is friendly enough.'),
(27, 1, '2022-03-05 21:15:23', '2022-03-06 12:05:21', 3, 'The Bitter Bar has a nice atmosphere, but the drinks were too bitter for my taste. The staff was friendly and attentive, though.'),
(27, 1, '2022-02-20 16:45:32', '2022-02-21 10:20:12', 4, 'The Bitter Bar is a great spot for cocktail enthusiasts! The drinks are creative and well-made, and the staff is knowledgeable and friendly.'),
(28, 1, '2022-03-09 17:30:45', '2022-03-10 09:10:22', 4.5, 'Centro Mexican Kitchen is a great restaurant! The food is delicious and authentic, and the service is excellent. The atmosphere is cozy and inviting.'),
(28, 1, '2022-02-28 19:20:15', '2022-03-01 09:45:32', 4, 'Centro Mexican Kitchen is a solid choice for Mexican food in town. The portions are generous, and the staff is friendly. The atmosphere is nice.'),
(29, 1, '2022-03-11 20:15:10', '2022-03-12 10:05:23', 4.5, 'Jills Restaurant at the St. Julien Hotel and Spa is an upscale dining experience! The food is amazing, and the service is top-notch. The atmosphere is elegant and romantic.'),
(30, 1, '2023-04-25 12:30:00', '2023-04-26 08:15:00', 4.5, 'My Neighbor Felix has some of the best pizza in town! The crust is perfectly crispy and the toppings are always fresh.'),
(30, 1, '2023-04-24 18:45:00', '2023-04-25 11:20:00', 3.0, 'I enjoyed my meal at My Neighbor Felix, but the service was a bit slow. The atmosphere is cozy and welcoming.'),
(30, 1, '2023-04-23 10:15:00', '2023-04-24 16:30:00', 5.0, 'The margherita pizza at My Neighbor Felix is out of this world! I highly recommend it.'),
(30, 1, '2023-04-22 15:00:00', '2023-04-23 09:10:00', 2.5, 'I was disappointed with my meal at My Neighbor Felix. The pizza was undercooked and the salad was not very fresh.'),
(30, 1, '2023-04-21 19:30:00', '2023-04-22 13:40:00', 4.0, 'The pizza at My Neighbor Felix is consistently good. I appreciate the variety of toppings they offer.'),
(31, 1, '2023-04-20 11:00:00', '2023-04-26 08:20:00', 4.0, 'The sushi at Blofish is very fresh and delicious. I particularly enjoyed the California roll.'),
(31, 1, '2023-04-19 17:30:00', '2023-04-25 11:25:00', 3.5, 'My experience at Blofish was good overall, but the service was a bit slow. The sushi was good, but nothing extraordinary.'),
(31, 1, '2023-04-18 09:45:00', '2023-04-24 16:35:00', 5.0, 'Blofish has some of the best sushi in town! The presentation is beautiful and the flavors are amazing.'),
(31, 1, '2023-04-17 14:00:00', '2023-04-23 09:15:00', 2.0, 'I was disappointed with the sushi at Blofish. The rolls were poorly made and the fish did not seem very fresh.'),
(31, 1, '2023-04-16 18:30:00', '2023-04-22 13:45:00', 4.5, 'The sushi at Blofish is always fresh and flavorful. The service can be a bit slow, but it is worth the wait.'),
(32, 1, '2022-02-01 10:30:00', '2022-02-01 11:30:00', 4.5, 'Had a great time at Avanti! The food was delicious and the staff were super friendly.'),
(32, 1, '2022-03-05 14:15:00', '2022-03-05 15:00:00', 3.0, 'Decent food at Avanti but the service could have been better.'),
(33, 1, '2022-04-10 18:45:00', '2022-04-10 19:30:00', 4.0, 'R Gallery and Wine Bar is such a cozy spot! Had a lovely time with friends and enjoyed some delicious wine.'),
(33, 1, '2022-05-15 12:00:00', '2022-05-15 13:00:00', 5.0, 'The staff at R Gallery and Wine Bar are so knowledgeable about their wine selection. Had a great experience here!'),
(34, 1, '2022-06-20 17:30:00', '2022-06-20 18:00:00', 3.5, 'Rosetta Hall has a great variety of food options, but some of the dishes were hit or miss.'),
(34, 1, '2022-07-25 19:45:00', '2022-07-25 20:30:00', 4.5, 'Loved the vibe and the food at Rosetta Hall! The dumplings were amazing.'),
(35, 1, '2022-08-30 13:00:00', '2022-08-30 14:00:00', 5.0, 'The Kitchen never disappoints! Had a fantastic brunch with friends and the service was impeccable.'),
(35, 1, '2022-09-28 20:00:00', '2022-09-28 21:00:00', 4.0, 'Enjoyed a delicious dinner at The Kitchen but it was a bit on the pricey side.'),
(36, 1, '2022-10-31 15:30:00', '2022-10-31 16:00:00', 3.0, 'Chicken on the Hill was okay, but nothing special.'),
(36, 1, '2022-11-25 12:15:00', '2022-11-25 13:00:00', 2.5, 'Service at Chicken on the Hill was slow and the food was just average.'),
(37, 1, '2022-12-30 18:00:00', '2022-12-30 19:00:00', 4.5, 'Half Fast Subs has the best sandwiches in town! Highly recommend.'),
(37, 1, '2023-01-25 11:30:00', '2023-01-25 12:00:00', 3.5, 'Good sandwiches at Half Fast Subs, but nothing extraordinary.'),
(38, 1, '2022-11-01 12:30:00', '2022-11-02 08:15:00', 4.5, 'I had a great time at Tuneup Tavern! The drinks were strong and the atmosphere was lively. The staff was also very friendly and accommodating.'),
(38, 1, '2022-09-05 18:45:00', '2022-09-07 11:20:00', 3.5, 'The food at Tuneup Tavern was just okay, but the drinks were good. The music was a bit too loud for my taste.'),
(39, 1, '2022-08-20 19:00:00', '2022-08-21 10:30:00', 4.0, 'Outback Saloon has a great selection of beers and a cozy atmosphere. I highly recommend it.'),
(39, 1, '2022-06-10 15:15:00', '2022-06-12 09:45:00', 3.0, 'The food at Outback Saloon was average, but the service was great. Our server was very friendly and attentive.'),
(40, 1, '2023-03-15 20:00:00', '2023-03-16 14:30:00', 5.0, 'Boulder Social is one of my favorite bars in town! The drinks are delicious and the bartenders are always friendly. The atmosphere is also great for hanging out with friends.'),
(40, 1, '2023-01-05 17:30:00', '2023-01-06 09:15:00', 4.0, 'I had a great time at Boulder Social! The music was great and the drinks were reasonably priced. The only downside was that it was a bit crowded.'),
(41, 1, '2022-12-01 18:00:00', '2022-12-02 11:45:00', 3.5, 'Dark Horse has a nice selection of beers, but the food was just okay. The service was also slow.'),
(41, 1, '2022-10-10 14:30:00', '2022-10-11 09:00:00', 2.5, 'I wasnt too impressed with Dark Horse. The food was mediocre and the drinks were overpriced.'),
(42, 1, '2022-09-15 19:30:00', '2022-09-16 12:15:00', 4.5, 'Sanitas Brewing has a great outdoor space and plenty of games to play. The beer was also very good. I would definitely recommend it.'),
(42, 1, '2022-07-05 17:45:00', '2022-07-07 10:30:00', 3.0, 'The beer at Sanitas Brewing was good, but the service was slow. It took a long time for us to get our drinks.'),
(43, 1, '2022-05-20 21:00:00', '2022-05-21 14:30:00', 4.0, 'Bohemian Biergarten has a great selection of beers and a fun atmosphere. The pretzels were also delicious.'),
(43, 1, '2022-11-01 18:30:00', '2022-11-01 18:35:00', 4.5, 'Great atmosphere and amazing beer selection. Highly recommend!'),
(43, 1, '2022-12-15 20:00:00', '2022-12-15 20:05:00', 3.0, 'The food was just okay, but the beer was fantastic. Good spot for a night out with friends.'),
(43, 1, '2023-01-20 12:15:00', '2023-01-20 12:20:00', 5.0, 'Absolutely love this place. The beer garden is a great spot to hang out and the staff is always friendly.'),
(43, 1, '2023-02-10 19:45:00', '2023-02-10 19:50:00', 2.0, 'The service was slow and the food was overpriced. Disappointing experience overall.'),
(43, 1, '2023-03-05 14:00:00', '2023-03-05 14:05:00', 4.0, 'The pretzels and beer cheese were delicious, and the beer flights were a great way to try different brews.'),
(44, 1, '2022-10-10 17:00:00', '2022-10-10 17:05:00', 4.0, 'Solid brewery with great beer and a fun atmosphere. A bit crowded on the weekends, but worth the wait.'),
(44, 1, '2022-11-25 19:30:00', '2022-11-25 19:35:00', 5.0, 'This place is amazing! The beer is fantastic and the staff is friendly and knowledgeable. A must-visit if you love craft beer.'),
(44, 1, '2023-01-05 13:45:00', '2023-01-05 13:50:00', 3.5, 'Decent beer, but nothing special. The atmosphere is a bit lackluster as well. Wouldnt go out of my way to come back.'),
(44, 1, '2023-02-20 18:00:00', '2023-02-20 18:05:00', 2.0, 'The service was terrible and the beer was just okay. Not worth the hassle.'),
(44, 1, '2023-03-15 15:00:00', '2023-03-15 15:05:00', 4.5, 'Love the vibe here. The beer is great and the staff is super friendly. Would definitely come back!');

INSERT INTO deals (deal_title, deal_description, restaurant_id, day, time) VALUES
('Happy Hour', '$1.50 Off House Pints and $1.50 Off House Margaritas', 7, 'Monday, Tuesday, Wednesday, Thursday, Friday', '3-5pm'),
('Happy Hour', '$6 Glasses of wine and pitcher of beer', 8, 'Monday, Tuesday, Wednesday, Thursday, Friday, Saturday, Sunday', 'Until 5pm'),
('Happy Hour', '$25 bottle of wine and bruschetta board', 8, 'Tuesday, Wednesday', 'After 8pm'),
('Happy Hour', 'Deals on food and drinks, $3 Estrella, $28 sangria pitchers', 9, 'Monday, Tuesday, Wednesday, Thursday, Friday, Saturday, Sunday', '3-5pm'),
('Meal Combo', 'Margherita pizza, Antica salad and drink for $17 from 11:30a to 3:30p', 10, 'Monday, Tuesday, Wednesday, Thursday, Friday', '11:30am-3:30pm'),
('Happy Hour', 'Free chips and salsa after ordering from the bar, $1 off all House and Coin Margaritas, $1 off all house cocktails, $20 party Margs, $1 off all draft beers', 11, 'Monday, Tuesday, Wednesday, Thursday, Friday, Saturday, Sunday', '3-6pm'),
('Happy Hour', 'Reduced prices on select sushi and various food items', 12, 'Monday, Tuesday, Wednesday, Thursday, Friday, Saturday, Sunday', 'All day'),
('Happy Hour', '$5 beer, $9 wine, $10 spritz', 13, 'Monday, Tuesday, Wednesday, Thursday, Friday, Saturday, Sunday', '4-6pm'),
('Happy Hour', 'Food specials for $10, $5 alcoholic slushies, $5 draft beer', 14, 'Monday, Tuesday, Wednesday, Thursday, Friday, Saturday, Sunday', '3-6pm'),
('Happy Hour', '$5 gaku buns, $4 sake bombs, etc.', 15, 'Monday, Tuesday, Wednesday, Thursday, Friday', '3-6pm'),
('Happy Hour', 'Food specials, $8 classic Rio Margs, $3 draft beers and cans, $5 wine', 16, 'Monday, Tuesday, Wednesday, Thursday, Friday', '3-6pm'),
('Happy Hour', '$3-$11 small plates, $8-$10 cocktails, $6-$10 wine, $4 draft beer', 17, 'Monday, Tuesday, Wednesday, Thursday, Friday, Saturday, Sunday', '3-6pm'),
('Happy hour', '$3 street tacos, $4 draft beer, $5 house marg', 18, 'Monday, Wednesday, Thursday, Friday, Saturday, Sunday', '2-5pm'),
('Happy Hour', 'Food specials, $2 off all special rolls, $5 Avery Seasonal Draft, $8 House Wine & Well Cocktails, $6/$9 Hot Sake (S/L), $9 Cold Sake (L), $9 bartenders choice cocktail and sangria', 19, 'Monday, Tuesday, Wednesday, Thursday, Friday, Saturday, Sunday', 'All day'),
('Happy Hour', 'Food specials, $4 Hapa beer, $6.50 hot sake, $7.50 fresh fruit infused sake, $8 sake cocktails, $8 well drinks, $12 sake bombs, $13.50 sake drop', 20, 'Monday, Tuesday, Wednesday, Thursday, Friday, Saturday', '2-4:30pm'),
('Happy Hour', 'Food specials, $4 well cocktails, drafts and wines, $5 fat alberts', 21, 'Monday, Tuesday, Wednesday, Thursday, Friday, Saturday, Sunday', '3-6pm'),
('Happy Hour', 'Food specials, under $6 cocktails, $7 house wine, $1 off all draft beers', 22, 'Monday, Tuesday, Wednesday, Thursday, Friday, Saturday, Sunday', '3:30-5pm'),
('Happy Hour', '6 for $10 chicken wings, $5 wine and beer, $8 house margarita', 23, 'Monday, Tuesday, Wednesday, Thursday, Friday', '3:30-5pm'),
('Happy Hour', 'Food specials, $1 off beers, $8 house wines, $10 specialty cocktails', 24, 'Monday, Tuesday, Wednesday, Thursday, Friday, Saturday, Sunday', '3-6pm'),
('Happy Hour', '$6 wine, $8 Saturn, $8 pina colada, $6 strawberry daiquiri, $8 blue Hawaii, $4 Locals Light', 25, 'Monday, Tuesday, Wednesday, Friday, Saturday, Sunday', '4-6pm'),
('Happy Hour', '$5 to $9 food specials, $8 to $10 cocktails, $4 draft beers, under $11 wine', 26, 'Monday, Tuesday, Wednesday, Thursday, Friday, Saturday, Sunday', '3-6pm'),
('Happy Hour', '$7 cocktails', 27, 'Monday, Tuesday, Wednesday, Thursday, Friday, Saturday, Sunday', '5-7pm'),
('Happy Hour', '$8 guacamole deluxe, $6 coin style margarita, $4 post beer cans, and more.', 28, 'Monday, Tuesday, Wednesday, Thursday, Friday, Saturday, Sunday', '2-4pm'),
('Happy Hour', 'Under $15 food specials, $6 draft beers, $10 cocktails, $9 house wines', 29, 'Monday, Tuesday, Wednesday, Thursday, Friday', '3-6pm'),
('Happy Hour', '$6 house margarita, $7 specialty margaritas and cocktails, $3 cans, $4 drafts, $6 wine, $20-$22 56oz margaritas to share', 30, 'Monday, Wednesday, Thursday, Friday', '3-6pm'),
('Happy Hour', '$5.50 beer, wine and sake, $4 nigiri and sashimi, $9 sushi rolls', 31, 'Monday, Tuesday, Wednesday, Thursday, Saturday, Sunday', '4-5:30pm'),
('Happy Hour', 'Screamin deals on local craft brews, inventive cocktails, and patio pounders', 32, 'Monday, Tuesday, Wednesday, Thursday, Friday, Sunday', 'All day'),
('Happy Hour', 'Half-price apps and cheese plates, $2 off wine by the glass, $2 off draft beer, $2 off all wine cocktails', 33, 'Monday, Tuesday, Wednesday, Thursday, Friday, Saturday, Sunday', '3-6pm'),
('Happy Hour', 'Discounted wines, cocktails, and beers, food specials', 34, 'Monday, Tuesday, Wednesday, Friday, Saturday, Sunday', '4-6pm'),
('Happy Hour', '$7.50 wines and cocktails', 35, 'Monday, Tuesday, Wednesday, Friday, Saturday, Sunday', '3-5pm'),
('Happy Hour', '$2 off all cocktails', 36, 'Monday', '8-10pm'),
('Happy Hour', 'BOGO 50% off all pitchers', 36, 'Tuesday', '9-11pm'),
('Happy Hour', '50% off all boneless wings', 36, 'Wednesday', 'All day'),
('Meal Combo', '$9.95 for 7” Creamy Club or Portobello Boomer, chips, and drink', 37, 'Monday', 'Until 5pm'),
('Meal Combo', '$9.95 for 7” Classic Roast Beef or the Caprese, chips, and drink', 37, 'Tuesday', 'Until 5pm'),
('Meal Combo', '$9.95 for 7” Half-Fast Sub or Roasted Eggplant, chips, and drink', 37, 'Wednesday', 'Until 5pm'),
('Meal Combo', '$9.95 for 7” santa fe cheesesteak or thai tempeh, chips, and drink', 37, 'Thursday', 'Until 5pm'),
('Meal Combo', '$9.95 for 7” Creamy crab or tempeh reuben, chips, and drink', 37, 'Friday', 'Until 5pm'),
('Happy Hour', '$1.50 off every sandwich, $7.50 strongo and margarita pitchers, specials on pints of craft beer', 37, 'Monday, Tuesday, Wednesday, Thursday, Friday, Saturday, Sunday', '3-6pm');

INSERT INTO events (event_title, restaurant_id, day, time) VALUES
('Trivia', 1, 'Wednesday', '6-8pm'),
('Cycling Club', 1, 'Tuesday', '5-7pm'),
('Game Night', 1, 'Sunday', '3-6pm'),
('Trivia', 2, 'Wednesday', '7pm'),
('Trivia', 3, 'Wednesday', '7pm'),
('Trivia', 4, 'Wednesday', '6:30pm'),
('Trivia', 5, 'Tuesday', '6-8pm'),
('Live Jazz', 6, 'Friday', '5-8pm'),
('Comedy Show', 6, 'Thursday, Friday, Saturday', '7:30-9pm'),
('Comedy Show', 6, 'Friday, Saturday', '6-7pm'),
('Live music', 7, 'Friday', '9pm'),
('Karaoke', 12, 'Saturday', '10pm'),
('Brunch', 23, 'Saturday, Sunday', '10am-3pm'),
('Live Jazz', 25, 'Wednesday', '7-9pm'),
('Live music', 26, 'Sunday', '2pm'),
('Brunch', 28, 'Saturday, Sunday', '10:30am-2:30pm'),
('Boozy Bingo', 32, 'Monday', '7pm'),
('Trivia', 32, 'Tuesday', '7:30pm'),
('Live Music', 33, 'Thursday', '7pm'),
('Live Music', 34, 'Tuesday', '7pm'),
('DJ', 34, 'Thursday, Friday, Saturday', '10pm'),
('Live Music', 36, 'Tuesday', '9-11pm'),
('Game Night', 38, 'Monday', '5-9pm'),
('Karaoke', 39, 'Wednesday, Friday, Saturday', '9pm-1:30am'),
('Live Music', 40, 'Saturday', '5pm'),
('Bingo', 41, 'Friday', '10pm'),
('Trivia', 41, 'Wednesday', '10pm'),
('Trivia', 42, 'Monday', '7pm'),
('Board Game Nights', 42, 'Tuesday', '6:30pm'),
('Open Mic', 42, 'Wednesday', '6pm'),
('Trivia', 43, 'Tuesday', '7pm'),
('Trivia', 44, 'Tuesday', '7:30pm');