INSERT INTO users (display_name, username, pswd)
VALUES 
('admin', 'admin@funny.com', 'password'),
('ethan', 'ethan@gmail.com', 'password123');

INSERT INTO owners (owner_id) VALUES 
(1);

INSERT INTO restaurants (restaurant_id, name, image_url, owner_id) VALUES
(1, 'Admins cool empty place', 'nowhere.com', 1),
(2, 'Pizza Palace', 'https://www.pizzapalace.com/images/pizza.jpg', 1),
(3, 'Burger Joint', 'https://www.burgerjoint.com/images/burger.jpg', 1),
(4, 'Sushi House', 'https://www.sushihouse.com/images/sushi.jpg', 1),
(5, 'Taco Truck', 'https://www.tacotruck.com/images/taco.jpg', 1),
(6, 'Thai Kitchen', 'https://www.thaikitchen.com/images/thai.jpg', 1),
(7, 'Mountain Sun Pub and Brewery', 'https://images.getbento.com/accounts/8717715d71a330b4c7747d83e7a8b809/media/images/88450logo2.png', 1),
(8, 'Postino Boulder', 'https://www.postinowinecafe.com/wp-content/uploads/2022/07/JTP_1492-scaled.jpg', 1),
(9, 'Gemini', 'https://th.bing.com/th/id/OIP.W0GrfOMS4bnpiLDVWrRrRQHaE7?w=225&h=180&c=7&r=0&o=5&dpr=1.3&pid=1.7', 1),
(10, 'Pizzeria Alberico', 'https://th.bing.com/th/id/OIP.jEo1rSBq5qNMn0RKkoUNewHaDc?w=293&h=162&c=7&r=0&o=5&dpr=1.3&pid=1.7', 1),
(11, 'Illegal Petes', 'https://www.illegalpetes.com/_next/image?url=https%3A%2F%2Fimages.ctfassets.net%2Fus85d44kmlcd%2F6tAjV8rTChn8NVwbL8SeFY%2Fa368a0bfb8970b425c932ca0527725ee%2FaIrzc7eFTTidOtfZ2YuQ_IMG_2083.jpeg&w=1920&q=75', 1),
(12, 'Sushi Zanmai', 'https://th.bing.com/th/id/OIP.qC3srQrDgo0QlAloxR6A1AHaFj?pid=ImgDet&rs=1', 1),
(13, 'Mateo', 'https://usmenuguide.com/wp-content/uploads/2019/07/mateoboulder1.jpg', 1),
(14, 'ND Street Bar', 'https://th.bing.com/th/id/OIP.Pq90jImAX_YCoBxTAq_IpQHaE7?w=259&h=180&c=7&r=0&o=5&dpr=1.3&pid=1.7', 1),
(15, 'Gaku Ramen', 'http://gakuramen.com/wp-content/uploads/2022/08/PXL_20220814_155829904.MP_.jpg', 1),
(16, 'Rio Grande Mexican Restaurant', 'https://th.bing.com/th/id/R.15cce5786305048b07d062039a03d8cf?rik=XdxmNpK%2fJXvfYg&riu=http%3a%2f%2fimg2.10bestmedia.com%2fImages%2fPhotos%2f212305%2frio2_54_990x660_201406010006.jpg&ehk=O6ZLB6TX1gsPx9I9FCFnT4ckMZaQKtE3bF%2bIOZIf41Q%3d&risl=&pid=ImgRaw&r=0', 1),
(17, 'Spruce Farm & Fish', 'https://th.bing.com/th/id/OIP.triYA68v4s5VsSLshp23xAHaE8?w=269&h=180&c=7&r=0&o=5&dpr=1.3&pid=1.7', 1),
(18, 'T/ACO', 'https://static.spotapps.co/spots/a8/1c86141cb64278955362209a888e94/medium', 1),
(19, 'Japango', 'https://th.bing.com/th/id/OIP.KJcsVx7tZpfFTK15CtBZggHaHa?w=198&h=198&c=7&r=0&o=5&dpr=1.3&pid=1.7', 1),
(20, 'Hapa Sushi Grill and Sake Bar', 'https://th.bing.com/th/id/OIP.ku2oa_woOpu6Nk9GQI5YegHaE7?w=303&h=202&c=7&r=0&o=5&dpr=1.3&pid=1.7', 1),
(21, 'The Attic Bar and Bistro', 'https://th.bing.com/th/id/R.8eff620e380a5299a3a2e96c6da07257?rik=5NSEAUxFR9rihA&pid=ImgRaw&r=0', 1),
(22, 'Jax Fish House', 'https://th.bing.com/th/id/OIP.IR_vFMTxhL6uza_UV7LDRAHaFc?w=268&h=197&c=7&r=0&o=5&dpr=1.3&pid=1.7', 1),
(23, 'The Post Chicken & Beer', 'https://th.bing.com/th/id/OIP.3sJbXwZ5fstCoYFqN_oHMQHaE8?pid=ImgDet&rs=1', 1),
(24, 'Sforno Trattoria Romana', 'https://th.bing.com/th/id/OIP.CbQspUkG7DITKaTGpgMmdAHaFM?w=252&h=180&c=7&r=0&o=5&dpr=1.3&pid=1.7', 1),
(25, 'Jungle Tiki Bar', 'https://images.squarespace-cdn.com/content/v1/5d1c28103f8e880001294f05/a2716916-7c14-468f-bae7-7407508bf852/IMG_0933+%281%29.jpg?format=1000w', 1),
(26, 'The Corner Bar', 'https://th.bing.com/th/id/OIP.yH1skFN4Woqm0tmX1se6DwHaE8?w=297&h=198&c=7&r=0&o=5&dpr=1.3&pid=1.7', 1),
(27, 'The Bitter Bar', 'https://th.bing.com/th/id/OIP.YZ12Eo3_xFD9R-nT94dcQQHaFj?w=254&h=190&c=7&r=0&o=5&dpr=1.3&pid=1.7', 1),
(28, 'Centro Mexican Kitchen', 'https://th.bing.com/th/id/OIP.9pzwIU5S5hcY0iED0o2ZhAHaE8?w=257&h=180&c=7&r=0&o=5&dpr=1.3&pid=1.7', 1),
(29, 'Jills Restaurant at the St. Julien Hotel and Spa', 'https://stjulien.com/wp-content/uploads/2022/08/jills-restaurant.jpg', 1),
(30, 'My Neighbor Felix', 'https://img.ctykit.com/cdn/co-boulder/images/tr:w-1800/my-neighbor-felix-2022.jpg', 1),
(31, 'Blofish', 'https://th.bing.com/th/id/OIP.hcCQ6IftAdAnC-jvDvAPlwHaE8?w=306&h=204&c=7&r=0&o=5&dpr=1.3&pid=1.7', 1),
(32, 'Avanti', 'https://boulder.avantifandb.com/wp-content/uploads/sites/2/2021/09/013_AvantiBoulder_Aerials_2021_72DPI-scaled.jpg', 1),
(33, 'R Gallery and Wine Bar', 'https://cdn.shopify.com/s/files/1/0024/0291/0254/files/IMG_20230311_130634_1.jpg?v=1678565457', 1),
(34, 'Rosetta Hall', 'https://rosettahall.com/wp-content/uploads/2021/08/Hall-Wide-16x9-jpg.jpg', 1),
(35, 'The Kitchen', 'https://images.getbento.com/accounts/b9ac9c2a03aa88821e13be3ead0f2d60/media/images/82589489A6387-2.jpg?w=1200&fit=crop&auto=compress,format&crop=focalpoint&fp-x=0.5&fp-y=0.5', 1),
(36, 'Chicken on the Hill', 'https://img.ctykit.com/cdn/co-hill-boulder/images/tr:w-1800/chicken-on-the-hill-ext.jpg', 1),
(37, 'Half Fast Subs', 'https://media-cdn.tripadvisor.com/media/photo-p/15/14/f2/6a/photo2jpg.jpg', 1),
(38, 'Tuneup Tavern', 'https://static.spotapps.co/spots/06/731ae49fb547e6a84e2870c140520c/wide_medium', 1),
(39, 'Outback Saloon', 'https://media-cdn.tripadvisor.com/media/photo-s/10/44/31/94/dining-tables-and-pool.jpg', 1),
(40, 'Boulder Social', 'https://images.squarespace-cdn.com/content/v1/623335a3093b0c241d18f00a/810d64b3-af17-4e2f-8b22-b3d5a3070296/_DSC8414.jpg?format=750w', 1),
(41, 'Dark Horse', 'https://media1.westword.com/den/imager/u/golden-m/15492527/darkhorse_11.jpg?cb=1668719063', 1),
(42, 'Sanitas Brewing', 'https://dynamic-media-cdn.tripadvisor.com/media/photo-o/0c/00/5a/08/bocce-ball-corn-hole.jpg?w=1200&h=-1&s=1', 1),
(43, 'Bohemian Biergarten', 'https://assets.simpleviewinc.com/simpleview/image/fetch/c_fill,h_357,q_80,w_539/https://assets.simpleviewinc.com/simpleview/image/upload/crm/boulder/Bohemian-Biergarten_a14b403e-5056-a36a-0767125bc6c06713.jpg', 1),
(44, 'Asher Brewing', 'https://images.squarespace-cdn.com/content/v1/5db353a1f6f77b7cb1322122/1573695394916-VJIK3PYIA2DRV2SI169Q/home-taproom.jpg?format=750w', 1),
(45, 'Twisted Pine Brewing', 'https://images.squarespace-cdn.com/content/v1/568bfc1cc647ad1e51802932/1452803674506-ITCZKSAPV97IHX12HUGY/Twisted+Pine+Logo?format=1000w', 1),
(46, 'Foolish Craigs', 'https://static.spotapps.co/web/foolishcraigs--com/custom/about_us_right.jpg', 1),
(47, 'Backcountry Pizza and Tap House', 'https://fastly.4sqi.net/img/general/200x200/39969208_6sKQr8Ujz6_5sSJsKF9JSJDfNMshsvr1ruy2pZ4XbNU.jpg', 1),
(48, 'Liquid Mechanics Brewing Co', 'https://images.squarespace-cdn.com/content/v1/536c3c6de4b0627babc2f819/1408311837918-4OPSTUJCKTSCR48N77C1/music+grand+opening.jpg?format=1500w', 1),
(49, 'Upslope Brewing', 'https://www.uncovercolorado.com/wp-content/uploads/2016/09/Upslope-Brewing-Company-Boulder-1024x512.jpg', 1),
(50, 'License No. 1', 'https://images.squarespace-cdn.com/content/v1/6091b19ba5da29701edc5ada/9963aa6c-8120-4c70-a996-a2cac0b15868/LNO_Space+37_Tim+RomanoEdit.jpg', 1);

INSERT INTO ratings (restaurant_id, user_id, last_updated, uploaded, rating_number, review) VALUES 
(1, 1, '2023-04-19 13:05:06', '2023-04-19 13:05:06', 3.5, 'I went to this place, and I did not have permision to read the menu...staff were helpful at least.'),
(1, 1, '2023-04-19 13:05:06', '2023-04-19 13:05:06', 4.5, 'Great pizza! Definitely recommend.'),
(1, 1, '2023-04-19 13:05:06', '2023-04-19 13:05:06', 3.5, 'Pizza was good but a bit greasy.'),
(2, 1, '2023-04-19 13:05:06', '2023-04-19 13:05:06', 4.0, 'Amazing burgers, best I ever had!'),
(2, 1, '2023-04-19 13:05:06', '2023-04-19 13:05:06', 3.0, 'Burgers were decent but nothing special.'),
(2, 1, '2023-04-19 13:05:06', '2023-04-19 13:05:06', 4.5, 'Delicious burgers and great service.'),
(3, 1, '2023-04-19 13:05:06', '2023-04-19 13:05:06', 4.5, 'Excellent sushi, very fresh!'),
(3, 1, '2023-04-19 13:05:06', '2023-04-19 13:05:06', 3.5, 'Sushi was good but not amazing.'),
(4, 1, '2023-04-19 13:05:06', '2023-04-19 13:05:06', 3.0, 'Tacos were just okay, nothing special.'),
(4, 1, '2023-04-19 13:05:06', '2023-04-19 13:05:06', 2.5, 'Service was slow and tacos were cold.'),
(5, 1, '2023-04-19 13:05:06', '2023-04-19 13:05:06', 4.0, 'Amazing Thai food, highly recommend!'),
(5, 1, '2023-04-19 13:05:06', '2023-04-19 13:05:06', 3.5, 'Good Thai food, but a bit too spicy for my taste.');

INSERT INTO deals (deal_title, deal_description, restaurant_id, day, time) VALUES
('Happy Hour', '$1.50 Off House Pints and $1.50 Off House Margaritas', 7, 'Monday, Tuesday, Wednesday, Thursday, Friday', '3-5pm'),
('Happy Hour', '$6 Glasses of wine and pitcher of beer', 8, 'Monday, Tuesday, Wednesday, Thursday, Friday, Saturday, Sunday', 'Until 5pm'),
('Happy Hour', '$25 bottle of wine and bruschetta board', 8, 'Tuesday, Wednesday', 'After 8pm'),
('Happy Hour', 'Deals on food and drinks, $3 Estrella, $28 sangria pitchers', 9, 'Monday, Tuesday, Wednesday, Thursday, Friday, Saturday, Sunday', '3-5pm'),
('Meal Combo', 'Margherita pizza, Antica salad and drink for $17 from 11:30a to 3:30p', 10, 'Monday, Tuesday, Wednesday, Thursday, Friday', '11:30am-3:30pm'),
('Happy Hour', 'Free chips and salsa after ordering from the bar, $1 off all House and Coin Margaritas, $1 off all house cocktails, $20 party Margs, $1 off all draft beers', 11, 'Monday, Tuesday, Wednesday, Thursday, Friday, Saturday, Sunday', '3-6pm'),
('Happy Hour', 'Reduced prices on select sushi and various food items', 12, 'Monday, Tuesday, Wednesday, Thursday, Friday, Saturday, Sunday', 'All day'),
('Happy Hour', '$5 beer, $9 wine, $10 spritz', 13, 'Monday, Tuesday, Wednesday, Thursday, Friday, Saturday, Sunday', '4-6pm'),
('Happy Hour', 'Food specials for $10, $5 alcoholic slushies, $5 draft beer', 14, 'Monday, Tuesday, Wednesday, Thursday, Friday, Saturday, Sunday', '3-6pm'),
('Happy Hour', '$5 gaku buns, $4 sake bombs, etc.', 15, 'Monday, Tuesday, Wednesday, Thursday, Friday', '3-6pm'),
('Happy Hour', 'Food specials, $8 classic Rio Margs, $3 draft beers and cans, $5 wine', 16, 'Monday, Tuesday, Wednesday, Thursday, Friday', '3-6pm'),
('Happy Hour', '$3-$11 small plates, $8-$10 cocktails, $6-$10 wine, $4 draft beer', 17, 'Monday, Tuesday, Wednesday, Thursday, Friday, Saturday, Sunday', '3-6pm'),
('Happy hour', '$3 street tacos, $4 draft beer, $5 house marg', 18, 'Monday, Wednesday, Thursday, Friday, Saturday, Sunday', '2-5pm'),
('Happy Hour', 'Food specials, $2 off all special rolls, $5 Avery Seasonal Draft, $8 House Wine & Well Cocktails, $6/$9 Hot Sake (S/L), $9 Cold Sake (L), $9 bartenders choice cocktail and sangria', 19, 'Monday, Tuesday, Wednesday, Thursday, Friday, Saturday, Sunday', 'All day'),
('Happy Hour', 'Food specials, $4 Hapa beer, $6.50 hot sake, $7.50 fresh fruit infused sake, $8 sake cocktails, $8 well drinks, $12 sake bombs, $13.50 sake drop', 20, 'Monday, Tuesday, Wednesday, Thursday, Friday, Saturday', '2-4:30pm'),
('Happy Hour', 'Food specials, $4 well cocktails, drafts and wines, $5 fat alberts', 21, 'Monday, Tuesday, Wednesday, Thursday, Friday, Saturday, Sunday', '3-6pm'),
('Happy Hour', 'Food specials, under $6 cocktails, $7 house wine, $1 off all draft beers', 22, 'Monday, Tuesday, Wednesday, Thursday, Friday, Saturday, Sunday', '3:30-5pm'),
('Happy Hour', '6 for $10 chicken wings, $5 wine and beer, $8 house margarita', 23, 'Monday, Tuesday, Wednesday, Thursday, Friday', '3:30-5pm'),
('Happy Hour', 'Food specials, $1 off beers, $8 house wines, $10 specialty cocktails', 24, 'Monday, Tuesday, Wednesday, Thursday, Friday, Saturday, Sunday', '3-6pm'),
('Happy Hour', '$6 wine, $8 Saturn, $8 pina colada, $6 strawberry daiquiri, $8 blue Hawaii, $4 Locals Light', 25, 'Monday, Tuesday, Wednesday, Friday, Saturday, Sunday', '4-6pm'),
('Happy Hour', '$5 to $9 food specials, $8 to $10 cocktails, $4 draft beers, under $11 wine', 26, 'Monday, Tuesday, Wednesday, Thursday, Friday, Saturday, Sunday', '3-6pm'),
('Happy Hour', '$7 cocktails', 27, 'Monday, Tuesday, Wednesday, Thursday, Friday, Saturday, Sunday', '5-7pm'),
('Happy Hour', '$8 guacamole deluxe, $6 coin style margarita, $4 post beer cans, and more.', 28, 'Monday, Tuesday, Wednesday, Thursday, Friday, Saturday, Sunday', '2-4pm'),
('Happy Hour', 'Under $15 food specials, $6 draft beers, $10 cocktails, $9 house wines', 29, 'Monday, Tuesday, Wednesday, Thursday, Friday', '3-6pm'),
('Happy Hour', '$6 house margarita, $7 specialty margaritas and cocktails, $3 cans, $4 drafts, $6 wine, $20-$22 56oz margaritas to share', 30, 'Monday, Wednesday, Thursday, Friday', '3-6pm'),
('Happy Hour', '$5.50 beer, wine and sake, $4 nigiri and sashimi, $9 sushi rolls', 31, 'Monday, Tuesday, Wednesday, Thursday, Saturday, Sunday', '4-5:30pm'),
('Happy Hour', 'Screamin deals on local craft brews, inventive cocktails, and patio pounders', 32, 'Monday, Tuesday, Wednesday, Thursday, Friday, Sunday', 'All day'),
('Happy Hour', 'Half-price apps and cheese plates, $2 off wine by the glass, $2 off draft beer, $2 off all wine cocktails', 33, 'Monday, Tuesday, Wednesday, Thursday, Friday, Saturday, Sunday', '3-6pm'),
('Happy Hour', 'Discounted wines, cocktails, and beers, food specials', 34, 'Monday, Tuesday, Wednesday, Friday, Saturday, Sunday', '4-6pm'),
('Happy Hour', '$7.50 wines and cocktails', 35, 'Monday, Tuesday, Wednesday, Friday, Saturday, Sunday', '3-5pm'),
('Happy Hour', '$2 off all cocktails', 36, 'Monday', '8-10pm'),
('Happy Hour', 'BOGO 50% off all pitchers', 36, 'Tuesday', '9-11pm'),
('Happy Hour', '50% off all boneless wings', 36, 'Wednesday', 'All day'),
('Meal Combo', '$9.95 for 7” Creamy Club or Portobello Boomer, chips, and drink', 37, 'Monday', 'Until 5pm'),
('Meal Combo', '$9.95 for 7” Classic Roast Beef or the Caprese, chips, and drink', 37, 'Tuesday', 'Until 5pm'),
('Meal Combo', '$9.95 for 7” Half-Fast Sub or Roasted Eggplant, chips, and drink', 37, 'Wednesday', 'Until 5pm'),
('Meal Combo', '$9.95 for 7” santa fe cheesesteak or thai tempeh, chips, and drink', 37, 'Thursday', 'Until 5pm'),
('Meal Combo', '$9.95 for 7” Creamy crab or tempeh reuben, chips, and drink', 37, 'Friday', 'Until 5pm'),
('Happy Hour', '$1.50 off every sandwich, $7.50 strongo and margarita pitchers, specials on pints of craft beer', 37, 'Monday, Tuesday, Wednesday, Thursday, Friday, Saturday, Sunday', '3-6pm');

INSERT INTO events (event_title, restaurant_id, day, time) VALUES
('Live music', 7, 'Friday', '9pm'),
('Karaoke', 12, 'Saturday', '10pm'),
('Brunch', 23, 'Saturday, Sunday', '10am-3pm'),
('Live Jazz', 25, 'Wednesday', '7-9pm'),
('Live music', 26, 'Sunday', '2pm'),
('Brunch', 28, 'Saturday, Sunday', '10:30am-2:30pm'),
('Boozy Bingo', 32, 'Monday', '7pm'),
('Trivia', 32, 'Tuesday', '7:30pm'),
('Live Music', 33, 'Thursday', '7pm'),
('Live Music', 34, 'Tuesday', '7pm'),
('DJ', 34, 'Thursday, Friday, Saturday', '10pm'),
('Live Music', 36, 'Tuesday', '9-11pm'),
('Game Night', 38, 'Monday', '5-9pm'),
('Karaoke', 39, 'Wednesday, Friday, Saturday', '9pm-1:30am'),
('Live Music', 40, 'Saturday', '5pm'),
('Bingo', 41, 'Friday', '10pm'),
('Trivia', 41, 'Wednesday', '10pm'),
('Trivia', 42, 'Monday', '7pm'),
('Board Game Nights', 42, 'Tuesday', '6:30pm'),
('Open Mic', 42, 'Wednesday', '6pm'),
('Trivia', 43, 'Tuesday', '7pm'),
('Trivia', 44, 'Tuesday', '7:30pm'),
('Wednesday', 45, 'Wednesday', '6-8pm'),
('Cycling Club', 45, 'Tuesday', '5-7pm'),
('Game Night', 45, 'Sunday', '3-6pm'),
('Trivia', 46, 'Wednesday', '7pm'),
('Trivia', 47, 'Wednesday', '7pm'),
('Trivia', 48, 'Wednesday', '6:30pm'),
('Trivia', 49, 'Tuesday', '6-8pm'),
('Live Jazz', 50, 'Friday', '5-8pm'),
('Comedy Show', 50, 'Thursday, Friday, Saturday', '7:30-9pm'),
('Comedy Show', 50, 'Friday, Saturday', '6-7pm');